<Ui xmlns="http://www.blizzard.com/wow/ui/" xmlns:xsi="http://www.w3.org/2001/XMLSchema-instance" xsi:schemaLocation="http://www.blizzard.com/wow/ui/
..\FrameXML\UI.xsd">

<Include file="libs\AceAddon-3.0\AceAddon-3.0.xml"/>
<Include file="libs\AceConfig-3.0\AceConfig-3.0.xml"/>
<Include file="libs\AceDB-3.0\AceDB-3.0.xml"/>
<Include file="libs\AceDBOptions-3.0\AceDBOptions-3.0.xml"/>
<Include file="libs\AceEvent-3.0\AceEvent-3.0.xml"/>
<Include file="libs\AceLocale-3.0\AceLocale-3.0.xml"/>
<Include file="libs\LibStub\LibStub.lua"/>

<Include file="libs\LibFuBarPlugin-3.0\lib.xml"/>

<Include file="libs\Dewdrop-2.0\Dewdrop-2.0.lua"/>
<Include file="libs\Tablet-2.0\Tablet-2.0.lua"/>
</Ui>
